{"cameraMode":{"drawMode":0,"name":"Shaded","section":"Shading Mode"},"sceneLighting":false,"audioPlay":false,"sceneViewState":{"showFog":true,"showMaterialUpdate":false,"showSkybox":true,"showFlares":true,"showImageEffects":true,"showParticleSystems":true},"in2DMode":false,"pivot":{"x":-1.5715534687042237,"y":13.687975883483887,"z":-6.996984958648682},"rotation":{"x":-0.5436798930168152,"y":-0.0032743075862526895,"z":0.002128808991983533,"w":-0.8393020629882813},"size":3.82049822807312,"orthographic":false}