{"cameraMode":{"drawMode":0,"name":"Shaded","section":"Shading Mode"},"sceneLighting":false,"audioPlay":false,"sceneViewState":{"showFog":true,"showMaterialUpdate":false,"showSkybox":true,"showFlares":true,"showImageEffects":true,"showParticleSystems":true},"in2DMode":false,"pivot":{"x":-1.2610886096954346,"y":15.4075345993042,"z":1.0299972295761109},"rotation":{"x":-0.7130393981933594,"y":-0.0016827849904075266,"z":0.0017189885256811977,"w":-0.7011429071426392},"size":3.82049822807312,"orthographic":false}